[
  {
    "data": [
      {
        "image": "/image/1.jpg",
        "attribute": [
          "nature",
          " aaaa",
          " aaaaa",
          " aaaaa",
          " aaaaa",
          " aaaaa",
          " aaaaa",
          " aaaaa",
          " aaaaa",
          " aaaaa",
          " aaaaa",
          " aaaaa",
          " aaaaa"
        ]
      },
      {
        "image": "/image/2.jpg",
        "attribute": [
          "nature",
          "jjjj",
          "jjjjj",
          "jjjjj"
        ]
      },
      {
        "image": "https://www.gstatic.com/webp/gallery/1.jpg",
        "attribute": [
          "attribute2"
        ]
      },
      {
        "image": "https://natureconservancy-h.assetsadobe.com/is/image/content/dam/tnc/nature/en/photos/tnc_48980557.jpg?crop=961,0,1928,2571&wid=600&hei=800&scl=3.21375",
        "attribute": [
          "nature"
        ]
      },
      {
        "image": "https://upload.wikimedia.org/wikipedia/commons/thumb/0/02/Katri%27na_Kaif.jpg/220px-Katri%27na_Kaif.jpg",
        "attribute": [
          "attribute2"
        ]
      },
      {
        "image": "https://www.w3schools.com/w3images/nature.jpg",
        "attribute": [
          "nature"
        ]
      },
      {
        "image": "https://akm-img-a-in.tosshub.com/indiatoday/images/story/201902/akshay-main.png?2b5MUAZfNuabnR9fSsQ9sntrskMm_dhN",
        "attribute": [
          "attribute2"
        ]
      },
      {
        "image": "https://www.w3schools.com/w3images/nature.jpg",
        "attribute": [
          "nature"
        ]
      },
      {
        "image": "https://4.bp.blogspot.com/-kMh8rbXphKE/XHVaJAxIr9I/AAAAAAAAAOA/JI1sbTyDRhM_yAdaX3MBT1ZK-YfKEZBvQCLcBGAs/s320/katrina%2Bkaif%2Bbollywood%2Bmasala.jpg",
        "attribute": [
          "attribute2"
        ]
      },
      {
        "image": "https://www.w3schools.com/w3images/nature.jpg",
        "attribute": [
          "nature"
        ]
      },
      {
        "image": "https://www.w3schools.com/w3images/nature.jpg",
        "attribute": [
          "attribute2"
        ]
      },
      {
        "image": "https://www.w3schools.com/w3images/nature.jpg",
        "attribute": [
          "nature"
        ]
      },
      {
        "image": "https://www.w3schools.com/w3images/nature.jpg",
        "attribute": [
          "attribute2"
        ]
      }
    ]
  }
]